feature,gain,split
EXT_SOURCES_MEAN,512225.47863016126,1569.0
EXT_SOURCES_NANMEDIAN,315218.72840042115,1291.0
ORGANIZATION_TYPE,161820.87639522552,6844.4
EXT_SOURCES_MIN,158759.06596307753,1240.6
CTAR_EXT_SOURCES_MEAN_MEAN,109100.4830198288,869.0
EXT_SOURCES_MAX,102368.27289981842,918.8
CTAR_EXT_SOURCE_3_MEAN,74154.06950044632,926.2
EXT_SOURCE_3,58845.00134458542,1381.4
CTAR_EXT_SOURCES_MEAN_MEDIAN,53326.473523902896,611.0
EXT_SOURCE_1,30999.622209358215,1151.0
CTAR_EXT_SOURCE_3_MEDIAN,30011.735544395448,691.8
CTAR_EXT_SOURCES_PROD_MEAN,29644.696251392365,666.2
GROUP2_EXT_SOURCES_MEDIAN,29570.77947616577,493.2
EXT_SOURCE_2,28790.432873153688,1016.8
DAYS_BIRTH,27395.05069694519,1215.2
BUREAU_ACTIVE_DEBT_CREDIT_DIFF_MEAN,27245.46694574356,859.0
CURRENT_TO_APPROVED_ANNUITY_MEAN_RATIO,25755.601023578645,800.6
AMT_ANNUITY,25483.201105308533,1021.4
EXT_SOURCES_PROD,24117.21996059418,776.0
GROUP2_ANNUITY_STD,23839.893723201752,592.2
EMPLOYED_TO_BIRTH_RATIO,23390.099445819855,847.0
OCCUPATION_TYPE,23230.752159118652,894.8
LAST_LOAN_LATE_PAYMENT_mean,22148.758599853514,491.8
CREDIT_TO_ANNUITY_RATIO,22043.55432739258,891.8
CURRENT_TO_APPROVED_ANNUITY_MAX_RATIO,21584.041675281525,657.6
BUREAU_CREDIT_DEBT_CREDIT_DIFF_MEAN,21528.864125728607,822.2
DAYS_EMPLOYED,21358.2603556633,779.4
PREV_LAST24M_SIMPLE_INTERESTS_MAX,21224.121477890014,718.2
CREDIT_TO_GOODS_RATIO,20800.466141986846,575.8
LAST_LOAN_DPD_mean,20697.126888465882,392.0
PREV_LAST24M_DAYS_LAST_DUE_1ST_VERSION_MEAN,20569.44886388779,668.4
CODE_GENDER,20488.12242746353,512.8
BUREAU_DEBT_CREDIT_DIFF_MEAN,20438.40979976654,644.2
EXT_SOURCES_WEIGHTED,19416.666970157625,613.8
ANNUITY_TO_INCOME_RATIO,19169.9063495636,828.4
DAYS_LAST_PHONE_CHANGE,18982.86999607086,978.0
BUREAU_DEBT_OVER_CREDIT,18767.593281555175,507.4
BUREAU_ACTIVE_DEBT_PERCENTAGE_MEAN,18713.911257362364,576.2
PAYMENT_MEAN_TO_ANNUITY_RATIO,18522.216915988924,608.0
CTAR_APPROVED_CNT_PAYMENT_MEAN_STD,18439.319835853577,778.2
PREV_LAST24M_DAYS_LAST_DUE_1ST_VERSION_MAX,17586.620664405822,593.6
CTAR_DAYS_BIRTH_MEAN,17498.806314182282,577.8
PREV_Cash_SIMPLE_INTERESTS_MEAN,17407.92938928604,590.0
CTAR_EXT_SOURCE_1_MEAN,17102.117787075043,638.4
PREV_Cash_SIMPLE_INTERESTS_MAX,17064.246143913268,525.6
CC_CNT_DRAWINGS_ATM_CURRENT_MEAN,17056.531139183044,420.6
DAYS_ID_PUBLISH,17001.77977771759,839.2
PREV_NAME_CONTRACT_STATUS_Refused_MEAN,16745.88197517395,446.8
CTAR_DAYS_REGISTRATION_MEAN,16258.665573692322,522.0
BUREAU_ACTIVE_DAYS_CREDIT_MAX,16134.241607666016,679.2
LAST_LOAN_DPD_std,15634.911439800262,341.2
INS_SIGNIFICANT_LATE_PAYMENT_SUM,15575.111324024201,475.2
PREV_Cash_DAYS_LAST_DUE_1ST_VERSION_MAX,15542.615939617157,543.4
BUREAU_LAST36M_DEBT_CREDIT_DIFF_MEAN,15497.26051940918,583.2
PREV_DAYS_TERMINATION_MAX,15431.765345287324,734.8
BUREAU_LAST12M_DEBT_PERCENTAGE_MEAN,15370.515446090698,499.6
EXT_SOURCES_VAR,15365.366872692108,532.4
BUREAU_LAST12M_DEBT_CREDIT_DIFF_MEAN,15295.617140293121,648.6
BUREAU_LAST24M_AMT_CREDIT_SUM_SUM,15234.065816783905,641.2
CREDIT_TO_INCOME_RATIO,15105.01729297638,685.8
INCOME_TO_EMPLOYED_RATIO,14961.651164627076,706.4
CTAR_DAYS_BIRTH_STD,14863.281491947175,698.4
GROUP1_EXT_SOURCES_STD,14710.005134391784,504.6
CTAR_EXT_SOURCE_1_STD,14350.2531291008,769.4
BUREAU_CLOSED_DAYS_CREDIT_UPDATE_MAX,14220.41834230423,780.8
ID_TO_BIRTH_RATIO,14061.431980037689,688.2
DAYS_REGISTRATION,13927.470128631592,767.8
CAR_TO_EMPLOYED_RATIO,13725.781283855438,502.0
AMT_CREDIT,13725.129378890992,599.8
CTAR_EXT_SOURCES_PROD_MEDIAN,13677.490446567535,585.2
24_TREND_DPD,13667.834315013886,499.2
CTAR_EXT_SOURCES_PROD_STD,13663.654050064088,670.6
OWN_CAR_AGE,13562.140093421936,463.6
CTAR_EXT_SOURCE_1_MEDIAN,13556.90513973236,624.8
CC_LAST_AMT_BALANCE_MAX,13534.229292201995,380.4
PREV_Consumer_AMT_ANNUITY_MAX,13240.832824230194,551.4
APPROVED_APPLICATION_CREDIT_DIFF_MAX,13214.393786621094,409.8
CTAR_BUREAU_ACTIVE_DAYS_CREDIT_MEAN_STD,13181.083902168273,708.6
CTAR_EXT_SOURCE_3_STD,13165.425612449646,660.4
BUREAU_DAYS_CREDIT_MAX,13011.259142684936,544.0
BUREAU_CLOSED_ENDDATE_DIF_MEAN,12877.632175350189,668.8
CTAR_CREDIT_TO_GOODS_RATIO_MEAN,12843.526588630677,373.8
CTAR_EXT_SOURCES_MEAN_STD,12837.296960639953,659.6
PREV_Cash_DAYS_LAST_DUE_1ST_VERSION_MEAN,12831.643943119048,501.6
PREV_Consumer_AMT_CREDIT_SUM,12812.23460597992,595.2
CAR_TO_BIRTH_RATIO,12803.661298847199,530.4
PREV_Cash_CNT_PAYMENT_MEAN,12716.44611606598,416.6
REGION_POPULATION_RELATIVE,12661.566314554215,704.4
CTAR_DAYS_REGISTRATION_STD,12629.761035633088,649.6
BUREAU_ACTIVE_DEBT_OVER_CREDIT,12628.486453247071,521.4
BUREAU_DEBT_CREDIT_DIFF_SUM,12561.079948997498,466.0
CC_LAST_AMT_BALANCE_MEAN,12306.193345451355,350.2
BUREAU_CREDIT_DEBT_PERCENTAGE_MEAN,12302.682551765442,433.4
BUREAU_ACTIVE_CREDIT_TO_INCOME_RATIO,12241.009958171844,572.8
CTAR_INS_DAYS_ENTRY_PAYMENT_MAX_MEDIAN,12221.698133945465,620.4
CTAR_DAYS_EMPLOYED_STD,12108.706063079833,611.0
CTAR_EMPLOYED_TO_BIRTH_RATIO_MEDIAN,12063.265296936035,563.0
BUREAU_CREDIT_DAYS_CREDIT_MAX,11994.268994045258,605.2
PREV_Cash_SIMPLE_INTERESTS_MIN,11941.876995563507,564.6
BUREAU_CONSUMER_DAYS_CREDIT_MAX,11901.786290359498,600.8
CTAR_INS_DAYS_ENTRY_PAYMENT_MAX_STD,11871.821119880677,621.6
60_TREND_DPD,11806.141470336914,441.6
BUREAU_ACTIVE_DAYS_CREDIT_ENDDATE_MAX,11683.184866523743,569.8
CTAR_EXT_SOURCE_2_STD,11681.944770908356,597.6
PREV_Consumer_AMT_ANNUITY_MEAN,11658.692587947846,571.2
PREV_ACTIVE_REMAINING_DEBT_SUM,11592.231111907959,500.6
BUREAU_CREDIT_DAYS_CREDIT_MEAN,11527.44585056305,589.6
PAYMENT_MAX_TO_ANNUITY_RATIO,11512.255180931092,428.4
CTAR_DAYS_BIRTH_MEDIAN,11475.592931556701,458.0
PREV_LAST24M_DAYS_LAST_DUE_1ST_VERSION_MIN,11437.229071331025,501.2
BUREAU_ACTIVE_DAYS_CREDIT_ENDDATE_MIN,11418.113999271392,627.2
120_TREND_DPD,11263.283194446563,456.4
PREV_APPLICATION_CREDIT_DIFF_MAX,11256.585093307494,371.8
BUREAU_CONSUMER_AMT_CREDIT_SUM_MEAN,11211.977835559845,546.6
CTAR_APPROVED_CNT_PAYMENT_MEAN_MEAN,11201.052784347534,572.8
PREV_CNT_PAYMENT_MEAN,11168.137697410584,412.2
BUREAU_CLOSED_DAYS_CREDIT_MAX,11162.463165950776,580.2
BUREAU_DAYS_CREDIT_ENDDATE_MAX,11132.113708019257,572.6
BUREAU_CONSUMER_AMT_CREDIT_SUM_DEBT_MEAN,11109.958223533631,441.6
BUREAU_CLOSED_DAYS_CREDIT_VAR,11090.31682548523,560.2
INS_36M_DPD_MEAN,11055.335993766785,346.8
CTAR_DAYS_EMPLOYED_MEDIAN,11051.566044616698,512.2
BUREAU_LAST12M_AMT_CREDIT_SUM_SUM,11035.609825515747,461.2
INS_LATE_PAYMENT_SUM,10981.18687567711,420.8
CTAR_EMPLOYED_TO_BIRTH_RATIO_STD,10966.377812099458,575.4
PREV_LAST24M_APPLICATION_CREDIT_RATIO_MIN,10927.638915634156,392.8
BUREAU_CLOSED_DAYS_CREDIT_ENDDATE_MAX,10884.925171852112,571.8
CTAR_DAYS_EMPLOYED_MEAN,10859.2111120224,443.6
NAME_FAMILY_STATUS,10797.263590240478,431.8
INS_DAYS_ENTRY_PAYMENT_MIN,10746.447322559357,413.0
CTAR_EMPLOYED_TO_BIRTH_RATIO_MEAN,10718.568672084808,472.4
CURRENT_TO_APPROVED_CREDIT_MIN_RATIO,10694.49045381546,526.0
POS_MONTHS_BALANCE_SIZE,10574.315299892425,445.0
INS_18M_DPD_7_MEAN,10538.566982555389,288.2
CTAR_BUREAU_ACTIVE_DAYS_CREDIT_MEAN_MEDIAN,10496.887591362,546.6
CTAR_INS_DAYS_ENTRY_PAYMENT_MAX_MEAN,10481.241329097747,536.6
BUREAU_CREDIT_AMT_CREDIT_SUM_DEBT_MAX,10460.653393936158,497.4
APPROVED_AMT_DOWN_PAYMENT_MAX,10406.90552968979,397.0
GROUP2_INCOME_STD,10219.013069343568,345.4
DAYS_CREDIT_MEAN_TO_EMPLOYED,10210.558104991913,542.2
CTAR_BUREAU_ACTIVE_DAYS_CREDIT_MEAN_MEAN,10159.443291282654,530.8
INS_18M_DPD_MEAN,10142.40455493927,320.8
DAYS_CREDIT_MEAN_TO_BIRTH,10104.839267349244,491.4
INCOME_TO_BIRTH_RATIO,10102.111727046966,544.2
12_TREND_DPD,9857.138274955749,426.0
INS_18M_AMT_PAYMENT_MIN,9818.773225116729,399.6
INS_18M_DBD_VAR,9807.220032596588,520.4
BUREAU_LAST12M_AMT_CREDIT_SUM_MAX,9778.828160190582,438.6
BUREAU_CLOSED_AMT_CREDIT_SUM_SUM,9776.818703079223,478.2
AMT_GOODS_PRICE,9761.89427280426,472.6
PAYMENT_MIN_TO_ANNUITY_RATIO,9730.525914764405,449.2
BUREAU_LAST24M_DEBT_CREDIT_DIFF_MEAN,9696.777364063262,444.6
GROUP1_EXT_SOURCES_MEDIAN,9646.95215959549,474.0
CTAR_DAYS_REGISTRATION_MEDIAN,9644.435384654998,474.6
BUREAU_CLOSED_AMT_CREDIT_SUM_MEAN,9609.941137361526,518.4
INS_36M_AMT_PAYMENT_MIN,9592.836177158355,445.4
INS_AMT_PAYMENT_SUM,9561.618383216857,342.8
BUREAU_CONSUMER_AMT_CREDIT_SUM_MAX,9539.729244613647,456.8
CURRENT_TO_APPROVED_CREDIT_MAX_RATIO,9464.248692703248,392.6
PREV_Consumer_APPLICATION_CREDIT_RATIO_MEAN,9445.521463775634,436.8
PREV_APPLICATION_CREDIT_RATIO_VAR,9305.53790693283,497.8
PREV_HOUR_APPR_PROCESS_START_MEAN,9292.269819545745,475.4
BUREAU_DAYS_CREDIT_MEAN,9236.096547603607,429.0
PREV_APPLICATION_CREDIT_RATIO_MEAN,9168.921934318543,401.4
PREV_ACTIVE_REMAINING_DEBT_MAX,9164.021017360687,400.2
CURRENT_TO_APPROVED_CREDIT_MEAN_RATIO,9138.331235027314,410.2
GROUP2_CREDIT_TO_ANNUITY_STD,9137.931900024414,341.4
DAYS_DECISION_MEAN_TO_EMPLOYED,9131.324506568908,475.0
BUREAU_ACTIVE_AMT_CREDIT_SUM_SUM,9066.97955942154,416.8
BUREAU_ACTIVE_DAYS_CREDIT_UPDATE_MEAN,9031.264171600342,488.4
INS_18M_DAYS_ENTRY_PAYMENT_MEAN,9022.67514820099,445.4
BUREAU_CONSUMER_DEBT_CREDIT_DIFF_MEAN,9007.930257892609,467.4
BUREAU_LAST36M_AMT_CREDIT_SUM_SUM,8950.368351173402,448.2
INS_36M_DAYS_ENTRY_PAYMENT_MEAN,8916.834699821473,429.0
GROUP2_EXT_SOURCES_STD,8890.120240592956,305.6
PREV_LAST24M_APPLICATION_CREDIT_RATIO_MEAN,8878.259347438812,430.0
INS_DBD_VAR,8762.71347131729,476.2
PREV_Consumer_DAYS_LAST_DUE_1ST_VERSION_MEAN,8731.269174575806,430.2
BUREAU_ACTIVE_DAYS_CREDIT_MEAN,8728.399882698059,447.6
INS_36M_LATE_PAYMENT_RATIO_MEAN,8697.077087974549,306.2
INS_36M_DBD_VAR,8673.04490365982,462.8
INS_36M_DPD_VAR,8672.30090675354,285.2
BUREAU_AMT_CREDIT_SUM_MEAN,8658.934912109375,434.6
INS_36M_DPD_7_MEAN,8644.677583694458,236.4
APPROVED_SIMPLE_INTERESTS_MIN,8621.672655010223,339.6
BUREAU_ACTIVE_DAYS_CREDIT_UPDATE_MIN,8588.57578754425,452.8
INS_36M_DBD_MEAN,8576.462129116058,465.8
CC_CNT_DRAWINGS_CURRENT_MEAN,8574.777819252015,291.4
CC_LIMIT_USE_MAX,8560.384980201721,338.0
BUREAU_LAST24M_AMT_CREDIT_SUM_MAX,8517.869723701477,385.0
BUREAU_INCOME_CREDIT_RATIO,8463.745005702973,431.2
INS_36M_DAYS_ENTRY_PAYMENT_MIN,8449.532116985321,396.4
PREV_Consumer_SIMPLE_INTERESTS_VAR,8448.4488363266,453.8
REGION_RATING_CLIENT_W_CITY,8412.553036117553,287.6
PREV_LAST24M_DAYS_DECISION_MIN,8391.333384418487,443.2
INS_18M_LATE_PAYMENT_RATIO_MEAN,8370.37531375885,315.0
INS_18M_DPD_VAR,8362.164651870728,265.0
BUREAU_CLOSED_AMT_CREDIT_SUM_MAX,8360.864792156219,429.0
BUREAU_CREDIT_AMT_CREDIT_SUM_DEBT_MEAN,8206.6047706604,386.4
BUREAU_LAST24M_AMT_CREDIT_SUM_DEBT_SUM,8166.2221110343935,353.0
BUREAU_CONSUMER_DAYS_CREDIT_MEAN,8137.46173286438,435.0
POS_MONTHS_BALANCE_MIN,8135.857031059265,371.8
INS_DBD_MAX,8130.703445625305,430.2
HOUR_APPR_RATIO,8128.976829719543,448.6
CC_12M_CNT_DRAWINGS_ATM_CURRENT_MEAN,8118.363512897491,198.2
PREV_Consumer_APPLICATION_CREDIT_DIFF_VAR,8105.066790676117,434.6
PREV_AMT_DOWN_PAYMENT_MAX,8102.872400474548,340.4
INS_18M_DBD_MEAN,8101.599043750763,430.8
BUREAU_DAYS_CREDIT_MIN,8069.394171333313,438.4
PREV_LAST24M_DAYS_DECISION_MEAN,8038.2262903213505,425.6
PREV_Consumer_SIMPLE_INTERESTS_MIN,7977.8431016921995,406.8
GROUP1_CREDIT_TO_ANNUITY_MEDIAN,7972.296747684479,340.2
CTA_CREDIT_TO_ANNUITY_MEAN_RATIO,7972.064026927948,427.6
PREV_ACTIVE_DAYS_LAST_DUE_1ST_VERSION_MIN,7923.795921039581,352.4
CTAR_CREDIT_TO_GOODS_RATIO_MEDIAN,7913.671050357819,197.0
BUREAU_CONSUMER_AMT_CREDIT_SUM_DEBT_MAX,7902.628245258331,346.6
PREV_Consumer_APPLICATION_CREDIT_DIFF_MIN,7884.216151046753,416.0
PREV_Cash_DAYS_DECISION_MAX,7843.504372787475,427.6
POS_REMAINING_INSTALMENTS,7836.777027511596,322.4
PREV_Consumer_DAYS_LAST_DUE_1ST_VERSION_MAX,7781.801184749604,395.8
PREV_Consumer_SIMPLE_INTERESTS_MEAN,7738.91435251236,403.4
BUREAU_DAYS_CREDIT_ENDDATE_MIN,7728.853453350067,416.4
CTAR_EXT_SOURCE_2_MEDIAN,7725.652492427826,408.8
INS_18M_DAYS_ENTRY_PAYMENT_MAX,7725.436125850678,393.0
PREV_DAYS_DECISION_MEAN,7525.570196914673,343.6
INS_AMT_PAYMENT_MIN,7513.940611743927,399.4
DAYS_DECISION_MEAN_TO_BIRTH,7492.111900043487,360.8
PREV_Consumer_SIMPLE_INTERESTS_MAX,7492.11166973114,405.4
TOTALAREA_MODE,7475.149160671234,365.8
PREV_Consumer_APPLICATION_CREDIT_RATIO_MIN,7464.391082954407,385.4
INS_DAYS_ENTRY_PAYMENT_MEAN,7433.060662841797,347.0
BUREAU_LAST12M_AMT_CREDIT_SUM_DEBT_MEAN,7425.521157550812,352.8
PREV_AMT_ANNUITY_MIN,7425.079139709473,383.4
BUREAU_LAST36M_DEBT_PERCENTAGE_MEAN,7412.363716506958,284.8
CTAR_EXT_SOURCE_2_MEAN,7392.737288665771,366.6
APPROVED_CNT_PAYMENT_MEAN,7368.156027984619,316.6
DEF_30_CNT_SOCIAL_CIRCLE,7351.113223266601,260.2
APPROVED_SIMPLE_INTERESTS_MAX,7288.765577411652,393.8
POS_LOAN_COMPLETED_MEAN,7270.5868656158445,382.6
PREV_CREDIT_TO_ANNUITY_RATIO_MEAN,7269.930806732178,348.6
BUREAU_CREDIT_AMT_CREDIT_SUM_MEAN,7259.673607349396,404.0
CTA_CREDIT_TO_ANNUITY_MAX_RATIO,7241.085053825378,396.8
PREV_AMT_DOWN_PAYMENT_MEAN,7209.5997563362125,344.8
PREV_ACTIVE_DAYS_DECISION_MIN,7208.3660987854,379.2
POS_NAME_CONTRACT_STATUS_Active_MEAN,7168.420388126373,370.6
INS_DBD_MEAN,7145.3906807899475,378.2
INS_18M_DBD_MAX,7133.029438114167,379.0
INS_18M_AMT_PAYMENT_SUM,7067.976231861115,348.2
PREV_ACTIVE_REMAINING_DEBT_MEAN,7052.058829975128,321.8
INS_18M_AMT_INSTALMENT_MIN,7018.350989913941,353.2
APPROVED_DAYS_LAST_DUE_1ST_VERSION_MIN,6966.677569961548,328.0
APPROVED_AMT_CREDIT_MIN,6964.125174808502,361.8
REFUSED_DAYS_DECISION_MAX,6933.455344486237,336.6
GROUP1_CREDIT_STD,6926.840243244171,311.0
BUREAU_LAST24M_AMT_CREDIT_SUM_DEBT_MEAN,6924.253681182861,314.4
BUREAU_LAST12M_AMT_CREDIT_SUM_DEBT_SUM,6885.86524848938,321.4
INS_18M_DAYS_ENTRY_PAYMENT_MIN,6882.490760612488,346.6
PREV_Cash_APPLICATION_CREDIT_DIFF_VAR,6856.07953042984,346.6
HOUR_APPR_DIFFERENCE,6795.401724815369,375.8
BUREAU_LAST36M_AMT_CREDIT_SUM_DEBT_MEAN,6779.600013923645,333.0
INS_36M_AMT_INSTALMENT_MIN,6778.364382839203,345.6
INS_AMT_INSTALMENT_SUM,6740.329687786102,292.4
BUREAU_CREDIT_AMT_CREDIT_SUM_MAX,6732.782952690124,361.2
BUREAU_AMT_CREDIT_SUM_SUM,6729.307490062713,328.2
BUREAU_LAST6M_DEBT_PERCENTAGE_MEAN,6725.610429286957,279.2
PREV_NAME_TYPE_SUITE_Unaccompanied_MEAN,6680.190567684173,378.8
BUREAU_ACTIVE_AMT_CREDIT_MAX_OVERDUE_MAX,6658.263362693787,267.4
BUREAU_CREDIT_ACTIVE_Closed_MEAN,6626.87604675293,247.2
INS_36M_DAYS_ENTRY_PAYMENT_MAX,6608.733524036407,340.0
PREV_Consumer_DAYS_DECISION_MAX,6605.313729572296,343.2
REFUSED_AMT_CREDIT_MIN,6558.409383392334,314.6
GROUP1_ANNUITY_STD,6534.892784881592,320.2
BUREAU_CONSUMER_AMT_CREDIT_MAX_OVERDUE_MEAN,6519.370979690551,288.4
PREV_Consumer_CNT_PAYMENT_MEAN,6495.104432106018,338.6
PREV_Cash_APPLICATION_CREDIT_DIFF_MIN,6487.195371627808,307.4
INS_36M_DBD_MAX,6469.25053024292,334.2
PREV_Consumer_APPLICATION_CREDIT_RATIO_MAX,6468.841260910034,302.4
BUREAU_LAST36M_AMT_CREDIT_SUM_MAX,6452.908198642731,323.6
INS_DAYS_ENTRY_PAYMENT_MAX,6424.955694770813,325.2
INS_18M_SIGNIFICANT_LATE_PAYMENT_MEAN,6414.013209724426,234.8
BUREAU_AMT_CREDIT_SUM_DEBT_MEAN,6413.10378742218,283.4
BUREAU_AMT_CREDIT_SUM_MAX,6386.749335670471,310.8
INS_36M_AMT_PAYMENT_SUM,6381.211971282959,277.6
APPROVED_DAYS_LAST_DUE_DIFF_MEAN,6381.067690086365,329.0
APPROVED_APPLICATION_CREDIT_RATIO_MEAN,6370.4712404251095,335.6
CTAR_APPROVED_CNT_PAYMENT_MEAN_MEDIAN,6361.99301815033,333.2
BUREAU_LAST6M_AMT_CREDIT_SUM_SUM,6361.743237495422,320.6
INS_36M_AMT_INSTALMENT_MAX,6333.237452602387,304.2
PREV_LAST24M_AMT_CREDIT_SUM,6322.775334644318,327.0
PREV_Cash_APPLICATION_CREDIT_RATIO_MIN,6317.235473060608,276.8
APPROVED_AMT_ANNUITY_MIN,6297.444206619262,328.2
PREV_LAST12M_DAYS_DECISION_MIN,6290.37408618927,351.0
APPROVED_SIMPLE_INTERESTS_MEAN,6279.212658023835,278.2
GROUP1_INCOME_STD,6258.516932010651,337.4
INS_18M_AMT_INSTALMENT_MAX,6247.928232383728,315.6
PREV_APPLICATION_CREDIT_DIFF_MEAN,6226.860168933868,319.2
BUREAU_CONSUMER_AMT_CREDIT_MAX_OVERDUE_MAX,6212.6044641494755,279.6
INS_36M_SIGNIFICANT_LATE_PAYMENT_MEAN,6201.371939849853,227.4
PREV_Cash_APPLICATION_CREDIT_RATIO_MEAN,6198.224736785889,287.4
INS_SK_ID_PREV_SIZE,6191.373411369324,297.8
CC_LIMIT_USE_MEAN,6149.058046150208,204.6
APPROVED_DAYS_LAST_DUE_DIFF_MIN,6147.003734016418,304.0
APPROVED_CREDIT_TO_ANNUITY_RATIO_MEAN,6123.781991577149,306.6
PREV_LAST24M_AMT_ANNUITY_MEAN,6116.978210639953,327.4
PREV_AMT_ANNUITY_MEAN,6103.66212348938,337.6
PREV_LAST24M_APPLICATION_CREDIT_DIFF_MIN,6091.5744354248045,290.8
INS_18M_AMT_INSTALMENT_SUM,6068.17028465271,313.4
PREV_LAST24M_SIMPLE_INTERESTS_MEAN,6051.350191116333,306.0
BUREAU_LAST36M_AMT_CREDIT_SUM_DEBT_SUM,6042.632143211365,280.0
BUREAU_ACTIVE_AMT_CREDIT_SUM_DEBT_MEAN,6040.805590438843,319.2
POS_SK_DPD_DEF_MEAN,6015.355759239197,228.8
PREV_LAST12M_DAYS_DECISION_MEAN,6013.429187870026,337.8
GROUP1_CREDIT_TO_ANNUITY_STD,6011.024814796448,312.2
GROUP1_CREDIT_MEDIAN,5979.9564413070675,301.4
PREV_NAME_CONTRACT_STATUS_Approved_MEAN,5966.147780418396,211.6
PREV_RATE_DOWN_PAYMENT_MEAN,5959.7008702278135,321.6
LIVINGAREA_AVG,5926.003320121765,292.0
PREV_ACTIVE_AMT_CREDIT_SUM,5873.574933624268,307.0
INS_18M_AMT_INSTALMENT_MEAN,5850.491331195832,300.6
AMT_INCOME_TOTAL,5835.766506004334,317.2
CC_CNT_DRAWINGS_CURRENT_MAX,5826.912963294983,268.8
INS_LATE_PAYMENT_RATIO_MEAN,5825.756574630737,271.6
PREV_LAST12M_SIMPLE_INTERESTS_MAX,5788.417319202423,303.4
INS_AMT_INSTALMENT_MIN,5735.202607917786,300.8
POS_NAME_CONTRACT_STATUS_Completed_MEAN,5729.903363418579,300.6
PREV_RATE_DOWN_PAYMENT_MAX,5719.698084640503,282.4
120_TREND_PAID_OVER_AMOUNT,5705.252500152588,298.4
PREV_LAST24M_APPLICATION_CREDIT_RATIO_MAX,5679.66533126831,312.6
APPROVED_APPLICATION_CREDIT_RATIO_MAX,5662.214097595215,259.6
PREV_APPLICATION_CREDIT_RATIO_MAX,5655.357925128937,271.6
INS_18M_PAYMENT_RATIO_MEAN,5643.164793872833,233.8
YEARS_BEGINEXPLUATATION_AVG,5624.021203422546,294.4
GROUP2_CREDIT_MEDIAN,5606.118131065368,238.0
BUREAU_AMT_CREDIT_MAX_OVERDUE_MAX,5581.113773345947,260.2
APPROVED_DAYS_LAST_DUE_1ST_VERSION_MEAN,5565.431872463227,261.8
BUREAU_ACTIVE_AMT_CREDIT_SUM_MAX,5564.530483436584,284.0
APPROVED_AMT_ANNUITY_MEAN,5524.423863792419,295.8
PREV_ACTIVE_DAYS_DECISION_MEAN,5465.108073997498,292.8
GROUP1_ANNUITY_MEDIAN,5445.571775722504,295.4
GROUP2_ANNUITY_MEDIAN,5438.199119758606,235.2
INS_18M_PAYMENT_DIFFERENCE_MEAN,5421.9012836456295,217.2
APARTMENTS_AVG,5399.631506061554,271.4
INS_36M_SK_ID_PREV_SIZE,5357.2291520118715,274.4
APPROVED_DAYS_FIRST_DUE_MEAN,5338.5814962387085,281.2
INS_18M_SK_ID_PREV_SIZE,5306.823072242737,266.6
BUREAU_LL_STATUS_12345_MEAN,5303.292872428894,286.2
INS_36M_AMT_PAYMENT_MEAN,5302.208368778229,270.4
PREV_DAYS_DECISION_MIN,5292.280576705933,255.0
BUREAU_AMT_CREDIT_MAX_OVERDUE_MEAN,5258.6324275970455,239.6
INS_36M_AMT_PAYMENT_MAX,5233.101102638245,246.0
INS_18M_AMT_PAYMENT_MEAN,5223.6476396560665,267.6
REFUSED_APPLICATION_CREDIT_DIFF_VAR,5213.911716842651,240.2
APPROVED_HOUR_APPR_PROCESS_START_MAX,5166.533413696289,245.4
BUREAU_CREDIT_ACTIVE_Active_MEAN,5160.151438999176,222.4
PREV_DOWN_PAYMENT_TO_CREDIT_MEAN,5155.418108081818,276.2
REFUSED_DAYS_DECISION_MEAN,5154.529265594482,249.6
LIVINGAREA_MEDI,5144.319830131531,246.0
APPROVED_DAYS_DECISION_MEAN,5137.454814052582,253.6
BUREAU_LAST36M_AMT_CREDIT_MAX_OVERDUE_MAX,5092.803234767914,212.0
INS_36M_AMT_INSTALMENT_SUM,5070.1666843414305,247.2
PREV_LAST24M_AMT_ANNUITY_MAX,5061.855805015564,271.0
INS_AMT_INSTALMENT_MAX,5031.090568065643,246.0
PREV_Cash_AMT_ANNUITY_MAX,5005.991268062591,272.4
PREV_ACTIVE_REPAYMENT_RATIO_MEAN,5002.965533828736,244.4
PREV_LAST12M_DAYS_LAST_DUE_1ST_VERSION_MIN,5000.559563350677,255.0
INS_AMT_PAYMENT_MEAN,4994.114185333252,251.2
BUREAU_LAST24M_DEBT_PERCENTAGE_MEAN,4972.871317386627,223.2
APPROVED_AMT_GOODS_PRICE_MAX,4967.434048461914,247.4
INS_36M_AMT_INSTALMENT_MEAN,4963.380941104889,252.8
PREV_Cash_AMT_CREDIT_SUM,4962.577285385132,254.2
INS_18M_AMT_PAYMENT_MAX,4917.399174690247,252.0
BUREAU_LAST6M_DEBT_CREDIT_DIFF_MEAN,4898.423553180694,259.2
YEARS_BEGINEXPLUATATION_MEDI,4894.331374359131,257.4
LAST_LOAN_LATE_PAYMENT_count,4874.391529655457,253.4
APPROVED_DAYS_LAST_DUE_DIFF_MAX,4870.675195884704,252.6
INS_PAYMENT_DIFFERENCE_MEAN,4868.856331634522,230.0
PREV_APPLICATION_CREDIT_RATIO_MIN,4867.938832855225,236.0
BUREAU_ACTIVE_AMT_CREDIT_SUM_DEBT_SUM,4858.981615257263,240.6
POS_MONTHS_BALANCE_MAX,4852.832685470581,219.2
PREV_Cash_AMT_ANNUITY_MEAN,4845.685171508789,259.0
INS_AMT_PAYMENT_MAX,4834.064538288117,228.2
APPROVED_AMT_CREDIT_MEAN,4815.362558460236,241.2
LAST_LOAN_PAID_OVER_AMOUNT_mean,4811.463157653809,193.0
PREV_DAYS_DECISION_MAX,4800.356826305389,252.6
BUREAU_STATUS_0_MEAN,4795.652363014221,282.2
YEARS_BEGINEXPLUATATION_MODE,4767.085341072083,254.2
PREV_Cash_SIMPLE_INTERESTS_VAR,4758.261376857758,268.4
12_TREND_PAID_OVER_AMOUNT,4738.650417804718,270.2
TOTAL_REPAYMENT_RATIO,4733.0370042800905,242.2
BUREAU_LAST6M_AMT_CREDIT_SUM_MAX,4717.727106761932,253.0
PREV_APPLICATION_CREDIT_DIFF_MIN,4717.491403388977,240.2
APPROVED_AMT_ANNUITY_MAX,4710.592758941651,237.2
PREV_CREDIT_TO_ANNUITY_RATIO_MAX,4709.609336280822,240.6
LANDAREA_AVG,4706.108664703369,262.0
POS_REMAINING_INSTALMENTS_RATIO,4693.603087997437,230.8
PREV_LAST12M_AMT_CREDIT_SUM,4686.46441822052,247.0
BUREAU_ACTIVE_AMT_CREDIT_MAX_OVERDUE_MEAN,4651.880583763123,192.2
BUREAU_CLOSED_AMT_CREDIT_MAX_OVERDUE_MAX,4650.714852714538,248.6
BUREAU_LL_DEBT_CREDIT_DIFF_MEAN,4639.8068946838375,228.0
DEF_60_CNT_SOCIAL_CIRCLE,4621.329628944397,178.4
INS_LATE_PAYMENT_MEAN,4613.8264616012575,222.2
PREV_LAST12M_DAYS_LAST_DUE_1ST_VERSION_MEAN,4591.986320209503,209.8
BUREAU_SK_ID_BUREAU_NUNIQUE,4565.297360420227,230.4
PREV_LAST12M_DAYS_LAST_DUE_1ST_VERSION_MAX,4564.753673171997,216.6
APPROVED_DAYS_LAST_DUE_MEAN,4550.2270584106445,223.4
INS_18M_LATE_PAYMENT_MEAN,4544.80659122467,199.2
60_TREND_PAID_OVER_AMOUNT,4516.825757217407,238.4
NAME_EDUCATION_TYPE,4490.312706756592,82.4
BUREAU_AMT_CREDIT_SUM_DEBT_MAX,4486.604014492035,225.8
PREV_ACTIVE_AMT_APPLICATION_MEAN,4485.533518218994,235.0
BUREAU_MONTHS_BALANCE_SIZE_MEAN,4484.92544631958,219.2
BUREAU_MICROLOAN_DAYS_CREDIT_MEAN,4480.001763343811,129.2
INS_36M_LATE_PAYMENT_MEAN,4470.8241153717045,196.6
APPROVED_DAYS_TERMINATION_MEAN,4456.33641500473,229.0
24_TREND_PAID_OVER_AMOUNT,4441.700480937958,245.0
INS_DPD_MEAN,4441.433847618103,211.0
APARTMENTS_MODE,4428.909331035614,222.2
APPROVED_APPLICATION_CREDIT_RATIO_MIN,4416.525876140595,225.8
PREV_AMT_ANNUITY_MAX,4405.073073387146,241.6
PREV_ACTIVE_DAYS_LAST_DUE_1ST_VERSION_MAX,4384.399903297424,187.2
APPROVED_CREDIT_TO_ANNUITY_RATIO_MAX,4367.801992416382,218.6
LAST_LOAN_DPD_max,4360.806281471252,104.8
REFUSED_APPLICATION_CREDIT_DIFF_MAX,4354.672194671631,209.8
BASEMENTAREA_AVG,4350.116007232666,230.4
BUREAU_AMT_CREDIT_SUM_DEBT_SUM,4344.407739067077,197.6
APPROVED_DAYS_DECISION_MIN,4334.432939529419,205.2
PREV_PRODUCT_COMBINATION_POS household with interest_MEAN,4330.235678386688,232.6
INS_SIGNIFICANT_LATE_PAYMENT_MEAN,4324.869550132751,207.0
APPROVED_AMT_CREDIT_MAX,4315.176534938812,213.4
PREV_LAST12M_AMT_ANNUITY_MEAN,4306.434402656555,240.2
APPROVED_DAYS_FIRST_DUE_MIN,4295.480041599274,194.2
INS_AMT_INSTALMENT_MEAN,4292.8439071655275,224.2
REFUSED_DAYS_DECISION_MIN,4260.054790687561,220.8
PREV_ACTIVE_AMT_ANNUITY_SUM,4254.6083499908445,225.8
PREV_ACTIVE_DAYS_LAST_DUE_1ST_VERSION_MEAN,4248.499680519104,187.2
PREV_NAME_YIELD_GROUP_middle_MEAN,4248.19589061737,230.6
PREV_HOUR_APPR_PROCESS_START_MAX,4245.88269815445,214.0
APARTMENTS_MEDI,4221.027040863037,212.2
LIVINGAPARTMENTS_AVG,4219.0888102531435,229.6
PREV_ACTIVE_AMT_APPLICATION_MAX,4164.335887336731,223.0
PREV_LAST12M_APPLICATION_CREDIT_RATIO_MIN,4124.435063457489,182.0
CC_12M_LIMIT_USE_MAX,4114.874364852905,159.8
AGE_RANGE,4108.743797302246,146.2
CC_24M_CNT_DRAWINGS_ATM_CURRENT_MEAN,4078.6966777801513,95.8
BUREAU_STATUS_C_MEAN,4053.9359508514403,214.2
GROUP2_CREDIT_STD,4045.424251365662,206.4
REFUSED_APPLICATION_CREDIT_RATIO_MEAN,4039.935683917999,208.2
BUREAU_LAST36M_AMT_CREDIT_MAX_OVERDUE_MEAN,4023.295702838898,176.2
REFUSED_APPLICATION_CREDIT_RATIO_MIN,3993.831931114197,173.6
PREV_LAST6M_DAYS_DECISION_MIN,3984.7728499412538,245.0
BUREAU_CREDIT_TYPE_Credit card_MEAN,3966.892322063446,214.4
BUREAU_LAST24M_AMT_CREDIT_MAX_OVERDUE_MAX,3947.1267471313477,158.6
BUREAU_LAST6M_AMT_CREDIT_SUM_DEBT_SUM,3944.7176738739013,201.8
NONLIVINGAREA_AVG,3927.8181985855103,217.6
BUREAU_LL_AMT_CREDIT_SUM_OVERDUE_MEAN,3898.0981830596925,221.0
INS_36M_PAYMENT_DIFFERENCE_MEAN,3898.096102523804,175.8
PREV_ACTIVE_AMT_ANNUITY_MAX,3858.8594734191893,204.4
BUREAU_ACTIVE_MONTHS_BALANCE_SIZE_MEAN,3854.0648823738097,231.2
BUREAU_CREDIT_TYPE_Consumer credit_MEAN,3844.5712080955504,205.6
PREV_LAST12M_APPLICATION_CREDIT_RATIO_MEAN,3844.143738269806,200.6
REFUSED_AMT_APPLICATION_MAX,3842.460835838318,196.2
BUREAU_CLOSED_AMT_CREDIT_MAX_OVERDUE_MEAN,3835.790938949585,201.8
PREV_NAME_YIELD_GROUP_low_action_MEAN,3825.9573921203614,190.8
PREV_LAST6M_DAYS_DECISION_MEAN,3802.3647035598756,222.8
PREV_Cash_APPLICATION_CREDIT_RATIO_MAX,3801.969293308258,193.0
REFUSED_AMT_CREDIT_MAX,3799.764214134216,179.4
INS_DPD_VAR,3791.8172340393066,194.0
COMMONAREA_AVG,3721.9155628204344,205.6
WEEKDAY_APPR_PROCESS_START,3716.36749792099,241.6
BASEMENTAREA_MODE,3709.8482278823853,201.6
PREV_CHANNEL_TYPE_Country-wide_MEAN,3696.185567378998,199.4
BUREAU_CLOSED_STATUS_12345_MEAN,3695.970322704315,180.2
BUREAU_MONTHS_BALANCE_MEAN_VAR,3682.9714859962464,206.4
LANDAREA_MODE,3634.572616004944,203.2
POS_SK_DPD_DEF_MAX,3631.6432806015014,153.8
PREV_ACTIVE_INSTALMENT_PAYMENT_DIFF_MEAN,3618.5222385406496,168.0
BUREAU_LAST24M_STATUS_0_MEAN,3594.2033256530763,203.0
LANDAREA_MEDI,3581.948794364929,192.6
BUREAU_MICROLOAN_AMT_CREDIT_SUM_MEAN,3568.614508628845,104.4
BUREAU_ACTIVE_MONTHS_BALANCE_MEAN_MEAN,3566.2932430267333,194.2
BUREAU_MONTHS_BALANCE_SIZE_SUM,3557.546704959869,204.2
PREV_LAST12M_APPLICATION_CREDIT_DIFF_MIN,3534.4601385116575,191.0
CURRENT_TO_BUREAU_ANNUITY_MEAN_RATIO,3531.769179725647,202.2
PREV_LAST12M_AMT_ANNUITY_MAX,3516.444523715973,192.8
REFUSED_CNT_PAYMENT_MEAN,3513.945718574524,173.2
BUREAU_MONTHS_BALANCE_MEAN_MEAN,3501.4132583618166,182.2
PREV_LAST12M_SIMPLE_INTERESTS_MEAN,3476.3155572891237,182.8
BUREAU_STATUS_X_MEAN,3475.8766726493836,196.0
REFUSED_APPLICATION_CREDIT_DIFF_MEAN,3454.5117245674132,172.6
BUREAU_LAST36M_STATUS_0_MEAN,3442.7202019691467,195.6
BUREAU_MICROLOAN_DAYS_CREDIT_MAX,3442.5570590019224,108.2
APPROVED_DAYS_LAST_DUE_1ST_VERSION_MAX,3431.544219970703,161.6
BUREAU_LAST12M_AMT_CREDIT_MAX_OVERDUE_MAX,3427.107615661621,129.6
AMT_CREDIT_MAX_OVERDUE,3397.5237411499024,157.8
PREV_ACTIVE_AMT_PAYMENT_SUM,3394.835015678406,183.0
PREV_NAME_YIELD_GROUP_low_normal_MEAN,3374.8374029159545,181.8
CC_PAYMENT_DIV_MIN_MIN,3372.160230350494,210.0
LAST_LOAN_PAID_OVER_AMOUNT_std,3369.769448375702,181.8
INS_DPD_7_MEAN,3361.0763818740843,149.4
BUREAU_ACTIVE_CREDIT_TO_ANNUITY_RATIO_MEAN,3348.0768168449404,191.0
PREV_LAST12M_APPLICATION_CREDIT_RATIO_MAX,3345.1093496322633,188.0
PREV_NAME_YIELD_GROUP_XNA_MEAN,3342.3207165718077,176.8
PREV_NAME_TYPE_SUITE_Family_MEAN,3323.214853286743,180.0
PREV_NAME_YIELD_GROUP_high_MEAN,3321.3684958457948,172.0
BASEMENTAREA_MEDI,3314.38046541214,177.8
BUREAU_ACTIVE_MONTHS_BALANCE_MEAN_VAR,3311.5548709869386,196.2
DOCUMENT_COUNT,3307.7208059310915,159.0
REFUSED_APPLICATION_CREDIT_DIFF_MIN,3297.012555885315,159.6
BUREAU_AMT_ANNUITY_MEAN,3289.4621374130247,183.2
CC_AMT_PAYMENT_TOTAL_CURRENT_VAR,3286.752189445496,176.4
POS_NAME_CONTRACT_STATUS_Signed_MEAN,3265.689974308014,176.4
BUREAU_LAST12M_AMT_CREDIT_MAX_OVERDUE_MEAN,3245.9191564559937,128.6
HOUR_APPR_PROCESS_START,3243.2428908348083,189.6
PREV_CHANNEL_TYPE_AP+ (Cash loan)_MEAN,3225.306601047516,165.6
INS_PAYMENT_RATIO_MEAN,3220.5689046859743,134.2
COMMONAREA_MEDI,3197.4690344810488,188.6
BUREAU_MORTGAGE_AMT_CREDIT_SUM_MAX,3159.7892552375793,127.6
ENTRANCES_AVG,3155.215315437317,166.4
PREV_ACTIVE_SIMPLE_INTERESTS_MEAN,3147.3479195594787,161.4
FLAG_WORK_PHONE,3092.983053779602,169.8
NONLIVINGAREA_MEDI,3084.6764662742617,171.6
PREV_ACTIVE_INSTALMENT_PAYMENT_DIFF_MAX,3070.293287086487,144.8
PREV_CHANNEL_TYPE_Credit and cash offices_MEAN,3061.56840429306,176.4
APPROVED_HOUR_APPR_PROCESS_START_MIN,3059.6845194816588,162.0
PREV_CHANNEL_TYPE_Stone_MEAN,3056.9055079460145,169.0
REFUSED_AMT_APPLICATION_MEAN,3052.342714691162,161.2
LAST_LOAN_PAID_OVER_AMOUNT_min,3044.4747745513914,153.0
YEARS_BUILD_AVG,3035.556864452362,164.8
PREV_PRODUCT_COMBINATION_POS industry with interest_MEAN,3024.9000761032103,178.0
BUREAU_LAST24M_AMT_CREDIT_MAX_OVERDUE_MEAN,3011.156452560425,129.8
LIVINGAPARTMENTS_MEDI,2998.611727142334,161.8
PREV_NAME_PRODUCT_TYPE_walk-in_MEAN,2967.8728427886963,134.4
GROUP2_CREDIT_TO_ANNUITY_MEDIAN,2934.461949157715,124.0
CC_CNT_DRAWINGS_POS_CURRENT_MEAN,2927.588778305054,151.0
FLOORSMAX_AVG,2921.4944117546083,138.8
REG_CITY_NOT_LIVE_CITY,2917.754085350037,127.8
BUREAU_ACTIVE_MONTHS_BALANCE_SIZE_SUM,2879.2915239334106,161.2
GROUP1_INCOME_MEDIAN,2867.068741798401,150.8
BUREAU_LAST6M_AMT_CREDIT_SUM_DEBT_MEAN,2861.0887376785277,160.8
PREV_ACTIVE_CNT_PAYMENT_SUM,2858.856226730347,134.6
INS_36M_PAYMENT_RATIO_MEAN,2822.3507224082946,118.0
PREV_NAME_CLIENT_TYPE_New_MEAN,2787.2975900650026,144.8
LAST_LOAN_PAID_OVER_AMOUNT_sum,2765.4493845939637,148.6
REGION_RATING_CLIENT,2761.8491479873655,98.6
PREV_PRODUCT_COMBINATION_POS mobile with interest_MEAN,2756.51984539032,144.0
PREV_NAME_PRODUCT_TYPE_XNA_MEAN,2721.1978158950806,136.8
BUREAU_MICROLOAN_AMT_CREDIT_SUM_DEBT_MEAN,2709.846413040161,85.4
PREV_HOUR_APPR_PROCESS_START_MIN,2699.1273188591003,139.8
APPROVED_CNT_PAYMENT_MAX,2691.0864024162292,103.2
CC_12M_LIMIT_USE_MEAN,2689.8643795013427,96.0
GROUP2_INCOME_MEDIAN,2688.5694021224976,117.0
OBS_30_CNT_SOCIAL_CIRCLE,2684.572697067261,149.8
LAST_LOAN_DPD_sum,2665.6441728591917,100.8
PREV_PRODUCT_COMBINATION_Cash X-Sell: middle_MEAN,2653.207575130463,147.2
INS_18M_DPD_MAX,2635.9979773521422,112.0
LATE_PAYMENT_SUM,2632.860563468933,135.2
REFUSED_CNT_PAYMENT_MAX,2626.482046794891,105.4
LAST_LOAN_PAID_OVER_count,2604.542650794983,135.2
INS_DPD_MAX,2582.023306655884,135.4
INS_36M_DPD_MAX,2552.0472749710084,124.6
YEARS_BUILD_MODE,2541.22409324646,141.2
CC_AMT_PAYMENT_TOTAL_CURRENT_MAX,2540.913823890686,136.6
PREV_NAME_CLIENT_TYPE_Refreshed_MEAN,2537.093605041504,157.2
PREV_NAME_CONTRACT_TYPE_Consumer loans_MEAN,2524.7443578720095,116.8
BUREAU_LAST24M_AMT_CREDIT_SUM_OVERDUE_MEAN,2503.186021232605,77.0
PREV_LAST6M_SIMPLE_INTERESTS_MAX,2500.371336746216,136.8
PREV_ACTIVE_CNT_PAYMENT_MEAN,2495.242133617401,115.4
PREV_NAME_PRODUCT_TYPE_x-sell_MEAN,2494.3138217926025,133.8
PREV_CNT_PAYMENT_MAX,2468.713081550598,90.2
PREV_LAST24M_NAME_CONTRACT_TYPE_Revolving loans_MEAN,2463.6292197227476,119.0
PREV_NAME_CLIENT_TYPE_Repeater_MEAN,2457.8482612609864,131.8
CC_PAYMENT_DIV_MIN_MEAN,2448.841806411743,115.4
PREV_NAME_CONTRACT_STATUS_Canceled_MEAN,2397.753827190399,142.4
POS_LATE_PAYMENT_MEAN,2384.8573392868043,121.4
BUREAU_MICROLOAN_AMT_CREDIT_SUM_MAX,2362.9465028762816,64.8
PREV_LAST6M_SIMPLE_INTERESTS_MEAN,2359.1536350250244,126.4
PREV_LAST6M_AMT_ANNUITY_MEAN,2343.7822094917296,133.2
BUREAU_LAST36M_AMT_CREDIT_SUM_OVERDUE_MEAN,2329.4860429763794,82.6
CC_AMT_PAYMENT_TOTAL_CURRENT_SUM,2308.1537875175477,122.6
BUREAU_CREDIT_AMT_CREDIT_MAX_OVERDUE_MAX,2301.3751516342163,124.2
PREV_LAST6M_DAYS_LAST_DUE_1ST_VERSION_MAX,2291.85307970047,127.6
POS_SK_ID_PREV_NUNIQUE,2274.938184928894,82.6
BUREAU_STATUS_1_MEAN,2274.594887161255,115.2
CC_AMT_PAYMENT_TOTAL_CURRENT_MEAN,2269.2998675346375,116.0
PREV_LAST6M_AMT_CREDIT_SUM,2263.232233810425,133.0
BUREAU_MORTGAGE_AMT_CREDIT_SUM_MEAN,2239.0521734237673,96.8
BUREAU_CREDIT_AMT_CREDIT_MAX_OVERDUE_MEAN,2222.5848125457765,125.2
APPROVED_DAYS_LAST_DUE_MAX,2181.3575585365297,109.0
FLAG_DOCUMENT_3,2181.0677755355837,107.2
BUREAU_LAST12M_STATUS_0_MEAN,2173.889979362488,125.6
YEARS_BUILD_MEDI,2133.827950668335,118.2
PREV_LAST6M_APPLICATION_CREDIT_RATIO_MAX,2130.8210426330565,109.0
"PREV_NAME_TYPE_SUITE_Spouse, partner_MEAN",2130.3526149749755,117.6
NONLIVINGAPARTMENTS_AVG,2107.64556350708,118.8
CC_24M_LIMIT_USE_MAX,2106.2031667709352,81.4
CC_MONTHS_BALANCE_MIN,2104.8039043426515,105.4
AMT_REQ_CREDIT_BUREAU_QRT,2103.611911487579,124.0
POS_SK_DPD_DEF_SUM,2098.440254020691,98.4
PREV_PRODUCT_COMBINATION_Cash_MEAN,2095.9457417488097,120.0
PREV_CHANNEL_TYPE_Regional / Local_MEAN,2095.61904296875,121.2
PREV_LAST6M_AMT_ANNUITY_MAX,2078.9836236953734,119.8
CC_CNT_DRAWINGS_CURRENT_SUM,2077.3037903785707,107.0
ENTRANCES_MEDI,2066.8380268096926,110.4
OBS_60_CNT_SOCIAL_CIRCLE,2046.7627775192261,118.2
PREV_LAST6M_DAYS_LAST_DUE_1ST_VERSION_MIN,2013.7914474487304,103.6
PREV_LAST24M_NAME_CONTRACT_TYPE_Cash loans_MEAN,2004.849362564087,102.6
PREV_NAME_CONTRACT_TYPE_Cash loans_MEAN,1997.468975162506,105.2
NEW_DOC_KURT,1993.3498521804809,76.4
BUREAU_CREDIT_TYPE_Microloan_MEAN,1980.6943655014038,60.0
BUREAU_STATUS_12345_MEAN,1924.3466474533082,94.8
CC_AMT_DRAWINGS_ATM_CURRENT_MAX,1893.8944828033448,98.0
PREV_CHANNEL_TYPE_Contact center_MEAN,1859.6621019363404,109.2
PREV_SK_ID_PREV_NUNIQUE,1857.4744122505188,103.2
PREV_LAST6M_DAYS_LAST_DUE_1ST_VERSION_MEAN,1846.0433590888977,96.8
POS_SK_DPD_MEAN,1839.8345637321472,94.0
PREV_LAST6M_APPLICATION_CREDIT_RATIO_MEAN,1827.4913849830627,94.8
PREV_LAST24M_NAME_CONTRACT_TYPE_Consumer loans_MEAN,1825.3128101348877,89.2
PREV_LAST6M_APPLICATION_CREDIT_DIFF_MIN,1800.759311103821,101.8
AMT_REQ_CREDIT_BUREAU_YEAR,1780.6266159057618,93.6
FLOORSMIN_AVG,1778.1279460906983,97.6
PREV_PRODUCT_COMBINATION_POS other with interest_MEAN,1774.9898178100586,98.4
BUREAU_CREDIT_TYPE_Mortgage_MEAN,1771.8968084335327,74.6
ENTRANCES_MODE,1765.082151222229,98.0
BUREAU_MORTGAGE_DAYS_CREDIT_MAX,1764.068703174591,92.6
POS_SK_DPD_VAR,1754.956711769104,94.4
FLOORSMAX_MEDI,1754.5098840713501,84.6
POS_NAME_CONTRACT_STATUS_Returned to the store_MEAN,1748.2586429595947,94.2
BUREAU_CAR_AMT_CREDIT_SUM_MEAN,1713.9740580558778,103.2
PREV_PRODUCT_COMBINATION_Cash X-Sell: high_MEAN,1711.9075833320617,88.4
ELEVATORS_AVG,1704.0416376113892,87.2
CC_AMT_BALANCE_MAX,1680.4950647354126,77.0
CC_48M_CNT_DRAWINGS_ATM_CURRENT_MEAN,1661.8158290863037,43.4
CC_AMT_TOTAL_RECEIVABLE_MEAN,1661.6863238334656,73.4
POS_COMPLETED_BEFORE_MEAN,1656.3491273880004,92.4
INS_DPD_15_MEAN,1649.2353528976441,79.8
PREV_LAST6M_APPLICATION_CREDIT_RATIO_MIN,1641.8157073020934,88.4
PREV_NAME_CONTRACT_TYPE_Revolving loans_MEAN,1634.0119417190551,86.6
BUREAU_CAR_AMT_CREDIT_SUM_MAX,1629.6129848480225,97.6
PREV_PRODUCT_COMBINATION_Cash X-Sell: low_MEAN,1627.9712308883668,88.2
CC_AMT_INST_MIN_REGULARITY_MEAN,1619.9735416412354,81.8
POS_SK_DPD_SUM,1612.4939205169678,88.6
CC_24M_LIMIT_USE_MEAN,1591.5564002990723,53.2
CC_12M_AMT_BALANCE_MEAN,1591.3545944690704,67.2
CC_AMT_DRAWINGS_POS_CURRENT_SUM,1583.157054233551,93.0
BUREAU_LAST12M_AMT_CREDIT_SUM_OVERDUE_MEAN,1558.7668407440185,68.4
BUREAU_MORTGAGE_DAYS_CREDIT_MEAN,1551.8113802909852,79.0
REFUSED_NAME_CONTRACT_TYPE_Cash loans_MEAN,1534.457172012329,73.2
CC_AMT_DRAWINGS_ATM_CURRENT_SUM,1516.834486579895,81.0
CC_AMT_INST_MIN_REGULARITY_MAX,1444.1317471504212,70.2
CC_AMT_DRAWINGS_CURRENT_MAX,1438.81907787323,75.2
PREV_PRODUCT_COMBINATION_Card Street_MEAN,1435.040376472473,81.0
BUREAU_MICROLOAN_AMT_CREDIT_SUM_DEBT_MAX,1431.2007318496703,46.8
POS_SK_DPD_MAX,1424.2444456100463,78.2
CC_AMT_TOTAL_RECEIVABLE_MAX,1393.315398979187,63.2
CC_AMT_CREDIT_LIMIT_ACTUAL_MAX,1375.508378124237,77.0
NONLIVINGAPARTMENTS_MEDI,1356.6488069534303,77.4
CC_AMT_DRAWINGS_POS_CURRENT_MAX,1338.4408168315888,80.0
BUREAU_CLOSED_AMT_CREDIT_SUM_DEBT_MAX,1334.731833076477,67.0
PREV_PRODUCT_COMBINATION_POS mobile without interest_MEAN,1333.5794885635376,76.8
BUREAU_CONSUMER_DEBT_PERCENTAGE_MEAN,1326.6889680862428,71.8
BUREAU_MICROLOAN_DEBT_CREDIT_DIFF_MEAN,1316.1897785186768,41.6
PREV_PRODUCT_COMBINATION_POS household without interest_MEAN,1296.1942474365235,73.0
REFUSED_NAME_CONTRACT_TYPE_Consumer loans_MEAN,1289.1569297790527,59.6
PREV_PRODUCT_COMBINATION_Card X-Sell_MEAN,1288.156841468811,73.0
CC_AMT_DRAWINGS_CURRENT_SUM,1280.9614552497865,69.2
PREV_LAST12M_NAME_CONTRACT_TYPE_Cash loans_MEAN,1270.0211664199828,66.6
BUREAU_CAR_DEBT_CREDIT_DIFF_MEAN,1264.025984954834,74.4
PREV_PRODUCT_COMBINATION_Cash Street: middle_MEAN,1253.6965915679932,68.6
CC_CNT_DRAWINGS_ATM_CURRENT_SUM,1239.7138348579406,67.4
INS_36M_DPD_15_MEAN,1238.5017097473144,53.4
APPROVED_DAYS_FIRST_DRAWING_MEAN,1236.4850889205932,65.2
PREV_LAST12M_NAME_CONTRACT_TYPE_Revolving loans_MEAN,1225.1557947158813,65.4
BUREAU_CLOSED_AMT_CREDIT_SUM_DEBT_SUM,1220.1983631134033,62.6
BUREAU_CREDIT_ACTIVE_Sold_MEAN,1210.4748142242431,66.2
FLAG_DOCUMENT_8,1210.2054711341857,70.6
APPROVED_SK_ID_PREV_NUNIQUE,1208.5084007263183,59.8
REFUSED_NAME_CONTRACT_TYPE_Revolving loans_MEAN,1195.668865776062,62.6
BUREAU_LAST36M_STATUS_12345_MEAN,1195.4259811401366,63.4
FLOORSMIN_MEDI,1189.4149478912354,65.8
PREV_PRODUCT_COMBINATION_Cash Street: high_MEAN,1183.7515446662903,60.4
PREV_NAME_CONTRACT_STATUS_Unused offer_MEAN,1169.386598968506,67.6
CNT_FAM_MEMBERS,1158.3524337768554,64.8
CC_CNT_DRAWINGS_ATM_CURRENT_MAX,1152.0220903396607,54.0
PREV_ACTIVE_AMT_DOWN_PAYMENT_MAX,1149.05905418396,63.8
CC_LATE_PAYMENT_SUM,1146.606810283661,74.0
INS_SK_ID_PREV_NUNIQUE,1138.4904430389404,51.2
INS_18M_DPD_15_MEAN,1059.538659286499,47.4
PREV_CHANNEL_TYPE_Channel of corporate sales_MEAN,1036.0574470520019,71.8
PREV_NAME_TYPE_SUITE_Children_MEAN,1031.9251139640808,58.6
BUREAU_AMT_CREDIT_SUM_OVERDUE_MAX,1003.5157075881958,33.2
PREV_NAME_TYPE_SUITE_Other_B_MEAN,996.8877374649048,58.2
INS_PAID_OVER_MEAN,975.1750852584839,52.8
PREV_LAST12M_NAME_CONTRACT_TYPE_Consumer loans_MEAN,965.6232301712037,50.6
BUREAU_AMT_CREDIT_SUM_OVERDUE_MEAN,944.1998517990112,34.8
CC_48M_LIMIT_USE_MAX,935.5715879440307,36.8
ELEVATORS_MODE,931.5173530578613,49.2
NAME_HOUSING_TYPE,895.1131399154663,60.4
BUREAU_ACTIVE_AMT_CREDIT_SUM_OVERDUE_MEAN,880.1961431503296,39.4
BUREAU_LAST6M_AMT_CREDIT_MAX_OVERDUE_MAX,878.2740795135499,40.8
BUREAU_CAR_DAYS_CREDIT_MEAN,870.7341089248657,51.8
BUREAU_LAST24M_STATUS_12345_MEAN,870.7011043548584,47.0
BUREAU_CAR_DAYS_CREDIT_MAX,846.1813947677613,51.6
BUREAU_MICROLOAN_DEBT_PERCENTAGE_MEAN,838.2666135787964,31.2
BUREAU_ACTIVE_AMT_CREDIT_SUM_OVERDUE_MAX,821.7054660797119,26.0
PREV_ACTIVE_AMT_DOWN_PAYMENT_MEAN,817.9377055168152,48.2
CC_SK_DPD_SUM,807.500075340271,55.4
BUREAU_MORTGAGE_DEBT_CREDIT_DIFF_MEAN,801.7929465293885,47.6
FLAG_OWN_CAR,797.8305337905883,25.2
PREV_NAME_TYPE_SUITE_Other_A_MEAN,784.5208477020263,43.0
BUREAU_LAST6M_AMT_CREDIT_MAX_OVERDUE_MEAN,771.0233839988708,38.2
CC_24M_AMT_BALANCE_MEAN,756.7027776718139,30.4
CC_12M_AMT_BALANCE_MAX,755.8100269317626,35.8
CC_SK_DPD_MEAN,699.2341810226441,44.6
BUREAU_CREDIT_TYPE_Car loan_MEAN,694.7413231849671,45.2
PREV_LAST6M_NAME_CONTRACT_TYPE_Revolving loans_MEAN,688.1879652023315,38.2
CNT_CHILDREN,673.7214946746826,38.2
PREV_PRODUCT_COMBINATION_POS industry without interest_MEAN,673.0744990348816,46.8
PREV_PRODUCT_COMBINATION_Cash Street: low_MEAN,668.8313011169433,41.6
LAST_LOAN_PAID_OVER_mean,649.9372873306274,37.6
CTAR_CREDIT_TO_GOODS_RATIO_STD,627.7517587661744,30.8
BUREAU_LAST6M_STATUS_0_MEAN,623.19457654953,38.0
BUREAU_MORTGAGE_AMT_CREDIT_SUM_DEBT_MAX,615.1250267028809,30.2
BUREAU_AMT_CREDIT_SUM_OVERDUE_SUM,592.5733798980713,20.8
BUREAU_MORTGAGE_AMT_CREDIT_SUM_DEBT_MEAN,584.2376316070556,30.8
CREDIT_TO_ANNUITY_GROUP,575.3224031448365,20.8
AMT_REQ_CREDIT_BUREAU_MON,570.7477186203002,31.6
POS_NAME_CONTRACT_STATUS_Approved_MEAN,547.5806991577149,31.8
LAST_LOAN_PAID_OVER_AMOUNT_max,539.6577104568481,31.8
BUREAU_CAR_DEBT_PERCENTAGE_MEAN,538.9685203552247,30.2
BUREAU_CAR_AMT_CREDIT_SUM_DEBT_MEAN,502.6043947219849,30.4
CC_48M_LIMIT_USE_MEAN,449.9611873626709,17.2
PREV_LAST6M_NAME_CONTRACT_TYPE_Cash loans_MEAN,436.6607858657837,24.2
AMT_REQ_CREDIT_BUREAU_DAY,434.81356258392333,26.2
BUREAU_LAST12M_STATUS_12345_MEAN,434.63363494873045,25.2
PREV_ACTIVE_SK_ID_PREV_NUNIQUE,405.5948469161987,22.8
BUREAU_MORTGAGE_DEBT_PERCENTAGE_MEAN,400.0759819030762,25.2
BUREAU_CAR_AMT_CREDIT_SUM_DEBT_MAX,396.4900873184204,24.4
CC_12M_SK_DPD_SUM,386.90411376953125,26.4
CC_48M_AMT_BALANCE_MEAN,385.9840881347656,15.2
CC_24M_AMT_BALANCE_MAX,365.37177448272706,15.4
NAME_INCOME_TYPE,348.56562061309813,18.0
PREV_LAST6M_NAME_CONTRACT_TYPE_Consumer loans_MEAN,334.33796672821046,19.0
NAME_CONTRACT_TYPE,305.179501914978,14.8
BUREAU_CLOSED_AMT_CREDIT_SUM_OVERDUE_MEAN,302.56970319747927,19.6
CC_SK_DPD_DEF_SUM,292.0034942626953,16.6
CC_SK_DPD_MAX,263.83750610351564,16.6
CC_24M_SK_DPD_SUM,232.4169044494629,16.4
LIVE_CITY_NOT_WORK_CITY,224.96442375183105,14.2
REG_CITY_NOT_WORK_CITY,214.59071674346924,11.4
CC_SK_DPD_DEF_MAX,182.3490261077881,10.2
CC_48M_AMT_BALANCE_MAX,177.17085285186766,8.0
BUREAU_CAR_AMT_CREDIT_MAX_OVERDUE_MEAN,147.3358497619629,11.2
FLAG_DOCUMENT_18,146.32632865905762,9.8
BUREAU_CAR_AMT_CREDIT_MAX_OVERDUE_MAX,137.15458869934082,10.6
CC_12M_SK_DPD_MAX,115.21717262268066,7.0
BUREAU_LAST6M_STATUS_12345_MEAN,104.09899215698242,7.8
BUREAU_MORTGAGE_AMT_CREDIT_MAX_OVERDUE_MEAN,93.83967018127441,7.4
PREV_NAME_TYPE_SUITE_Group of people_MEAN,91.6535873413086,5.0
CC_48M_SK_DPD_SUM,86.30637197494507,6.0
PREV_PRODUCT_COMBINATION_POS others without interest_MEAN,76.90784034729003,4.6
REG_REGION_NOT_WORK_REGION,74.03558864593506,4.6
BUREAU_MORTGAGE_AMT_CREDIT_MAX_OVERDUE_MAX,65.96971988677979,4.6
PREV_NAME_CLIENT_TYPE_XNA_MEAN,60.11271991729736,3.8
CC_24M_SK_DPD_MAX,57.182359886169436,3.4
CC_48M_SK_DPD_MAX,26.29534034729004,2.0
REG_REGION_NOT_LIVE_REGION,25.404819869995116,1.4
PREV_NAME_CONTRACT_TYPE_XNA_MEAN,24.436289978027343,1.8
BUREAU_MICROLOAN_AMT_CREDIT_MAX_OVERDUE_MEAN,14.166860008239746,0.6
POS_NAME_CONTRACT_STATUS_Demand_MEAN,12.741779708862305,0.6
BUREAU_MICROLOAN_AMT_CREDIT_MAX_OVERDUE_MAX,10.873699951171876,0.4
CC_LATE_PAYMENT_MAX,7.187859916687012,0.4
BUREAU_LAST6M_AMT_CREDIT_SUM_OVERDUE_MEAN,5.405299949645996,0.4
PREV_CHANNEL_TYPE_Car dealer_MEAN,5.185820007324219,0.2
APPROVED_DAYS_FIRST_DRAWING_MAX,0.0,0.0
